{
  "dvl": {
    "yaw": 60.775026243922696,
    "pitch": -15.515287456589022,
    "roll": -85.33351484731998,
    "vx": 1.7012543941268174,
    "vy": 0.5291129064225104,
    "vz": -1.001654936277462,
    "x": 0.639661382595722,
    "y": -1.0781035551710585,
    "z": -0.5857885239652232
  }
}