{
  "dvl": {
    "yaw": 29.582502020211024,
    "pitch": -37.17209927165667,
    "roll": 64.48803483985225,
    "vx": -1.886317708461434,
    "vy": 0.6329670268271559,
    "vz": -0.6735293641029156,
    "x": -1.779042256860087,
    "y": -0.7855816949546788,
    "z": -0.21684441772828134
  }
}