{
  "dvl": {
    "yaw": -106.23361692644647,
    "pitch": 71.90921850755456,
    "roll": 142.08620228809923,
    "vx": -1.673871983306611,
    "vy": -0.9378638581520402,
    "vz": 0.9434591614200554,
    "x": -1.5037637023412067,
    "y": -1.8518032814690155,
    "z": 0.9786855356362647
  }
}