{
  "dvl": {
    "yaw": -47.24274062419511,
    "pitch": 23.177715968156505,
    "roll": -46.645232433719684,
    "vx": -0.4971734974077351,
    "vy": 0.5120192241775396,
    "vz": 0.4005330101708884,
    "x": -0.7316266946517445,
    "y": -0.9872140068243924,
    "z": -1.8767946166753244
  }
}