{
  "dvl": {
    "yaw": -141.36719235070768,
    "pitch": 53.180852677220884,
    "roll": -130.37605426231764,
    "vx": 1.5905431501611553,
    "vy": -1.8618353984469906,
    "vz": -0.7808673121395073,
    "x": -1.6247084849975186,
    "y": -0.12444086928380393,
    "z": 0.8963699180324389
  }
}