{
  "dvl": {
    "yaw": -165.37246729771337,
    "pitch": 42.36018398315136,
    "roll": 86.81070564863563,
    "vx": -1.9409812168487042,
    "vy": -0.654625216545071,
    "vz": -1.1496011152202184,
    "x": -0.4522968055103602,
    "y": -1.0505206791652948,
    "z": -0.7906570658506151
  }
}