{
  "dvl": {
    "yaw": 171.75373830460882,
    "pitch": 79.60732599087189,
    "roll": -138.18283692394502,
    "vx": -1.9078888178218332,
    "vy": 0.25791751503113813,
    "vz": 1.886877767484421,
    "x": 1.5970933514670067,
    "y": -0.39971569368279525,
    "z": 1.9047719535988188
  }
}