{
  "dvl": {
    "yaw": 97.17641754642585,
    "pitch": 38.636931222533775,
    "roll": -156.55014938143216,
    "vx": 1.999637815630114,
    "vy": 1.8288517187170505,
    "vz": 1.3127056437459785,
    "x": -1.5575012541083657,
    "y": 0.0848285927524648,
    "z": 1.0152847108017466
  }
}