{
  "dvl": {
    "yaw": 37.49289537841747,
    "pitch": 86.2253126758219,
    "roll": -71.90234166822061,
    "vx": 1.0657149877774654,
    "vy": 0.5714482161224734,
    "vz": -0.22023654759289224,
    "x": -0.45228091066004206,
    "y": 0.6993331449864524,
    "z": -0.850597256987268
  }
}