{
  "dvl": {
    "yaw": 126.97036871431197,
    "pitch": 8.956657559242998,
    "roll": 21.23743604948075,
    "vx": -0.31391129377310234,
    "vy": -1.3108614292363017,
    "vz": -1.7898824134117088,
    "x": 0.7361402509644774,
    "y": 0.5772402909751451,
    "z": 0.21641475442984337
  }
}